Year,PlayerName,JerseyNumber,PlayerURL
1954,Don Barksdale,17,https://www.basketball-reference.com/players/b/barksdo01.html
1954,Ernie Barrett,23,https://www.basketball-reference.com/players/b/barreer01.html
1954,Bob Brannum,18,https://www.basketball-reference.com/players/b/brannbo01.html
1954,Chuck Cooper,11,https://www.basketball-reference.com/players/c/coopech01.html
1954,Bob Cousy,14,https://www.basketball-reference.com/players/c/cousybo01.html
1954,Bob Donham,12,https://www.basketball-reference.com/players/d/donhabo01.html
1954,Bob Harris,13,https://www.basketball-reference.com/players/h/harribo01.html
1954,Ed Macauley,22,https://www.basketball-reference.com/players/m/macaued01.html
1954,Ed Mikan,15,https://www.basketball-reference.com/players/m/mikaned01.html
1954,Jack Nichols,16,https://www.basketball-reference.com/players/n/nichoja01.html
1954,Bill Sharman,21,https://www.basketball-reference.com/players/s/sharmbi01.html
1955,Don Barksdale,17,https://www.basketball-reference.com/players/b/barksdo01.html
1955,Bob Brannum,18,https://www.basketball-reference.com/players/b/brannbo01.html
1955,Bob Cousy,14,https://www.basketball-reference.com/players/c/cousybo01.html
1955,Bob Houbregs,20,https://www.basketball-reference.com/players/h/houbrbo01.html
1955,Ed Macauley,22,https://www.basketball-reference.com/players/m/macaued01.html
1955,Red Morrison,15,https://www.basketball-reference.com/players/m/morrire01.html
1955,Jack Nichols,16,https://www.basketball-reference.com/players/n/nichoja01.html
1955,Togo Palazzi,12,https://www.basketball-reference.com/players/p/palazto01.html
1955,Frank Ramsey,23,https://www.basketball-reference.com/players/r/ramsefr01.html
1955,Fred Scolari,24,https://www.basketball-reference.com/players/s/scolafr01.html
1955,Bill Sharman,21,https://www.basketball-reference.com/players/s/sharmbi01.html
1955,Skippy Whitaker,5,https://www.basketball-reference.com/players/w/whitask01.html
1956,Ernie Barrett,23,https://www.basketball-reference.com/players/b/barreer01.html
1956,Bob Cousy,14,https://www.basketball-reference.com/players/c/cousybo01.html
1956,Dick Hemric,20,https://www.basketball-reference.com/players/h/hemridi01.html
1956,Jim Loscutoff,18,https://www.basketball-reference.com/players/l/loscuji01.html
1956,Ed Macauley,22,https://www.basketball-reference.com/players/m/macaued01.html
1956,Red Morrison,15,https://www.basketball-reference.com/players/m/morrire01.html
1956,Jack Nichols,16,https://www.basketball-reference.com/players/n/nichoja01.html
1956,Togo Palazzi,12,https://www.basketball-reference.com/players/p/palazto01.html
1956,Arnie Risen,19,https://www.basketball-reference.com/players/r/risenar01.html
1956,Bill Sharman,21,https://www.basketball-reference.com/players/s/sharmbi01.html
1957,Bob Cousy,14,https://www.basketball-reference.com/players/c/cousybo01.html
1957,Tom Heinsohn,15,https://www.basketball-reference.com/players/h/heinsto01.html
1957,Dick Hemric,20,https://www.basketball-reference.com/players/h/hemridi01.html
1957,Jim Loscutoff,18,https://www.basketball-reference.com/players/l/loscuji01.html
1957,Jack Nichols,16,https://www.basketball-reference.com/players/n/nichoja01.html
1957,Togo Palazzi,12,https://www.basketball-reference.com/players/p/palazto01.html
1957,Andy Phillip,17,https://www.basketball-reference.com/players/p/phillan01.html
1957,Frank Ramsey,23,https://www.basketball-reference.com/players/r/ramsefr01.html
1957,Arnie Risen,19,https://www.basketball-reference.com/players/r/risenar01.html
1957,Bill Russell,6,https://www.basketball-reference.com/players/r/russebi01.html
1957,Bill Sharman,21,https://www.basketball-reference.com/players/s/sharmbi01.html
1957,Lou Tsioropoulos,29,https://www.basketball-reference.com/players/t/tsiorlo01.html
1958,Bob Cousy,14,https://www.basketball-reference.com/players/c/cousybo01.html
1958,Tom Heinsohn,15,https://www.basketball-reference.com/players/h/heinsto01.html
1958,Sam Jones,24,https://www.basketball-reference.com/players/j/jonessa01.html
1958,Jim Loscutoff,18,https://www.basketball-reference.com/players/l/loscuji01.html
1958,Jack Nichols,16,https://www.basketball-reference.com/players/n/nichoja01.html
1958,Andy Phillip,17,https://www.basketball-reference.com/players/p/phillan01.html
1958,Frank Ramsey,23,https://www.basketball-reference.com/players/r/ramsefr01.html
1958,Arnie Risen,19,https://www.basketball-reference.com/players/r/risenar01.html
1958,Bill Russell,6,https://www.basketball-reference.com/players/r/russebi01.html
1958,Bill Sharman,21,https://www.basketball-reference.com/players/s/sharmbi01.html
1958,Lou Tsioropoulos,20,https://www.basketball-reference.com/players/t/tsiorlo01.html
1959,Gene Conley,17,https://www.basketball-reference.com/players/c/conlege01.html
1959,Bob Cousy,14,https://www.basketball-reference.com/players/c/cousybo01.html
1959,Tom Heinsohn,15,https://www.basketball-reference.com/players/h/heinsto01.html
1959,K.C. Jones,"25, 27",https://www.basketball-reference.com/players/j/joneskc01.html
1959,Sam Jones,24,https://www.basketball-reference.com/players/j/jonessa01.html
1959,Jim Loscutoff,18,https://www.basketball-reference.com/players/l/loscuji01.html
1959,Frank Ramsey,23,https://www.basketball-reference.com/players/r/ramsefr01.html
1959,Bill Russell,6,https://www.basketball-reference.com/players/r/russebi01.html
1959,Bill Sharman,21,https://www.basketball-reference.com/players/s/sharmbi01.html
1959,Bennie Swain,16,https://www.basketball-reference.com/players/s/swainbe01.html
1959,Lou Tsioropoulos,20,https://www.basketball-reference.com/players/t/tsiorlo01.html
1960,Gene Conley,17,https://www.basketball-reference.com/players/c/conlege01.html
1960,Bob Cousy,14,https://www.basketball-reference.com/players/c/cousybo01.html
1960,Gene Guarilia,20,https://www.basketball-reference.com/players/g/guarige01.html
1960,Tom Heinsohn,"15, 20",https://www.basketball-reference.com/players/h/heinsto01.html
1960,K.C. Jones,25,https://www.basketball-reference.com/players/j/joneskc01.html
1960,Sam Jones,24,https://www.basketball-reference.com/players/j/jonessa01.html
1960,Maurice King,19,https://www.basketball-reference.com/players/k/kingma01.html
1960,Jim Loscutoff,18,https://www.basketball-reference.com/players/l/loscuji01.html
1960,Frank Ramsey,23,https://www.basketball-reference.com/players/r/ramsefr01.html
1960,John Richter,16,https://www.basketball-reference.com/players/r/richtjo01.html
1960,Bill Russell,6,https://www.basketball-reference.com/players/r/russebi01.html
1960,Bill Sharman,21,https://www.basketball-reference.com/players/s/sharmbi01.html
1961,Gene Conley,17,https://www.basketball-reference.com/players/c/conlege01.html
1961,Bob Cousy,14,https://www.basketball-reference.com/players/c/cousybo01.html
1961,Gene Guarilia,20,https://www.basketball-reference.com/players/g/guarige01.html
1961,Tom Heinsohn,15,https://www.basketball-reference.com/players/h/heinsto01.html
1961,K.C. Jones,25,https://www.basketball-reference.com/players/j/joneskc01.html
1961,Sam Jones,24,https://www.basketball-reference.com/players/j/jonessa01.html
1961,Jim Loscutoff,18,https://www.basketball-reference.com/players/l/loscuji01.html
1961,Frank Ramsey,23,https://www.basketball-reference.com/players/r/ramsefr01.html
1961,Bill Russell,6,https://www.basketball-reference.com/players/r/russebi01.html
1961,Tom Sanders,16,https://www.basketball-reference.com/players/s/sandeto01.html
1961,Bill Sharman,21,https://www.basketball-reference.com/players/s/sharmbi01.html
1962,Carl Braun,4,https://www.basketball-reference.com/players/b/braunca01.html
1962,Al Butler,22,https://www.basketball-reference.com/players/b/butleal01.html
1962,Bob Cousy,14,https://www.basketball-reference.com/players/c/cousybo01.html
1962,Gene Guarilia,20,https://www.basketball-reference.com/players/g/guarige01.html
1962,Tom Heinsohn,15,https://www.basketball-reference.com/players/h/heinsto01.html
1962,K.C. Jones,25,https://www.basketball-reference.com/players/j/joneskc01.html
1962,Sam Jones,24,https://www.basketball-reference.com/players/j/jonessa01.html
1962,Jim Loscutoff,18,https://www.basketball-reference.com/players/l/loscuji01.html
1962,Gary Phillips,21,https://www.basketball-reference.com/players/p/phillga01.html
1962,Frank Ramsey,23,https://www.basketball-reference.com/players/r/ramsefr01.html
1962,Bill Russell,6,https://www.basketball-reference.com/players/r/russebi01.html
1962,Tom Sanders,16,https://www.basketball-reference.com/players/s/sandeto01.html
1963,Bob Cousy,14,https://www.basketball-reference.com/players/c/cousybo01.html
1963,Jack Foley,21,https://www.basketball-reference.com/players/f/foleyja01.html
1963,Gene Guarilia,20,https://www.basketball-reference.com/players/g/guarige01.html
1963,John Havlicek,17,https://www.basketball-reference.com/players/h/havlijo01.html
1963,Tom Heinsohn,15,https://www.basketball-reference.com/players/h/heinsto01.html
1963,K.C. Jones,25,https://www.basketball-reference.com/players/j/joneskc01.html
1963,Sam Jones,24,https://www.basketball-reference.com/players/j/jonessa01.html
1963,Jim Loscutoff,18,https://www.basketball-reference.com/players/l/loscuji01.html
1963,Clyde Lovellette,4,https://www.basketball-reference.com/players/l/lovelcl01.html
1963,Frank Ramsey,23,https://www.basketball-reference.com/players/r/ramsefr01.html
1963,Bill Russell,6,https://www.basketball-reference.com/players/r/russebi01.html
1963,Tom Sanders,16,https://www.basketball-reference.com/players/s/sandeto01.html
1963,Dan Swartz,12,https://www.basketball-reference.com/players/s/swartda01.html
1964,John Havlicek,17,https://www.basketball-reference.com/players/h/havlijo01.html
1964,Tom Heinsohn,15,https://www.basketball-reference.com/players/h/heinsto01.html
1964,K.C. Jones,25,https://www.basketball-reference.com/players/j/joneskc01.html
1964,Sam Jones,24,https://www.basketball-reference.com/players/j/jonessa01.html
1964,Jim Loscutoff,18,https://www.basketball-reference.com/players/l/loscuji01.html
1964,Clyde Lovellette,34,https://www.basketball-reference.com/players/l/lovelcl01.html
1964,Johnny McCarthy,21,https://www.basketball-reference.com/players/m/mccarjo01.html
1964,Willie Naulls,12,https://www.basketball-reference.com/players/n/naullwi01.html
1964,Frank Ramsey,23,https://www.basketball-reference.com/players/r/ramsefr01.html
1964,Bill Russell,6,https://www.basketball-reference.com/players/r/russebi01.html
1964,Tom Sanders,16,https://www.basketball-reference.com/players/s/sandeto01.html
1964,Larry Siegfried,20,https://www.basketball-reference.com/players/s/siegfla01.html
1965,Ron Bonham,21,https://www.basketball-reference.com/players/b/bonharo01.html
1965,Mel Counts,11,https://www.basketball-reference.com/players/c/countme01.html
1965,John Havlicek,17,https://www.basketball-reference.com/players/h/havlijo01.html
1965,Tom Heinsohn,15,https://www.basketball-reference.com/players/h/heinsto01.html
1965,K.C. Jones,25,https://www.basketball-reference.com/players/j/joneskc01.html
1965,Sam Jones,24,https://www.basketball-reference.com/players/j/jonessa01.html
1965,Willie Naulls,12,https://www.basketball-reference.com/players/n/naullwi01.html
1965,Bevo Nordmann,34,https://www.basketball-reference.com/players/n/nordmbe01.html
1965,Bill Russell,6,https://www.basketball-reference.com/players/r/russebi01.html
1965,Tom Sanders,16,https://www.basketball-reference.com/players/s/sandeto01.html
1965,Larry Siegfried,20,https://www.basketball-reference.com/players/s/siegfla01.html
1965,John Thompson,18,https://www.basketball-reference.com/players/t/thompjo01.html
1965,Gerry Ward,4,https://www.basketball-reference.com/players/w/wardge01.html
1966,Ron Bonham,21,https://www.basketball-reference.com/players/b/bonharo01.html
1966,Mel Counts,11,https://www.basketball-reference.com/players/c/countme01.html
1966,Si Green,28,https://www.basketball-reference.com/players/g/greensi01.html
1966,John Havlicek,17,https://www.basketball-reference.com/players/h/havlijo01.html
1966,K.C. Jones,25,https://www.basketball-reference.com/players/j/joneskc01.html
1966,Sam Jones,24,https://www.basketball-reference.com/players/j/jonessa01.html
1966,Willie Naulls,12,https://www.basketball-reference.com/players/n/naullwi01.html
1966,Don Nelson,19,https://www.basketball-reference.com/players/n/nelsodo01.html
1966,Bill Russell,6,https://www.basketball-reference.com/players/r/russebi01.html
1966,Tom Sanders,16,https://www.basketball-reference.com/players/s/sandeto01.html
1966,Woody Sauldsberry,18,https://www.basketball-reference.com/players/s/sauldwo01.html
1966,Larry Siegfried,20,https://www.basketball-reference.com/players/s/siegfla01.html
1966,John Thompson,5,https://www.basketball-reference.com/players/t/thompjo01.html
1966,Ron Watts,12,https://www.basketball-reference.com/players/w/wattsro01.html
1967,Jim Barnett,11,https://www.basketball-reference.com/players/b/barneji02.html
1967,Wayne Embry,28,https://www.basketball-reference.com/players/e/embrywa01.html
1967,John Havlicek,17,https://www.basketball-reference.com/players/h/havlijo01.html
1967,Bailey Howell,18,https://www.basketball-reference.com/players/h/howelba01.html
1967,K.C. Jones,25,https://www.basketball-reference.com/players/j/joneskc01.html
1967,Sam Jones,24,https://www.basketball-reference.com/players/j/jonessa01.html
1967,Toby Kimball,26,https://www.basketball-reference.com/players/k/kimbato01.html
1967,Don Nelson,19,https://www.basketball-reference.com/players/n/nelsodo01.html
1967,Bill Russell,6,https://www.basketball-reference.com/players/r/russebi01.html
1967,Tom Sanders,16,https://www.basketball-reference.com/players/s/sandeto01.html
1967,Larry Siegfried,20,https://www.basketball-reference.com/players/s/siegfla01.html
1967,Ron Watts,12,https://www.basketball-reference.com/players/w/wattsro01.html
1968,Wayne Embry,28,https://www.basketball-reference.com/players/e/embrywa01.html
1968,Mal Graham,11,https://www.basketball-reference.com/players/g/grahama01.html
1968,John Havlicek,17,https://www.basketball-reference.com/players/h/havlijo01.html
1968,Bailey Howell,18,https://www.basketball-reference.com/players/h/howelba01.html
1968,Johnny Jones,27,https://www.basketball-reference.com/players/j/jonesjo01.html
1968,Sam Jones,24,https://www.basketball-reference.com/players/j/jonessa01.html
1968,Don Nelson,19,https://www.basketball-reference.com/players/n/nelsodo01.html
1968,Bill Russell,6,https://www.basketball-reference.com/players/r/russebi01.html
1968,Tom Sanders,16,https://www.basketball-reference.com/players/s/sandeto01.html
1968,Larry Siegfried,20,https://www.basketball-reference.com/players/s/siegfla01.html
1968,Tom Thacker,12,https://www.basketball-reference.com/players/t/thackto01.html
1968,Rick Weitzman,26,https://www.basketball-reference.com/players/w/weitzri01.html
1969,Jim Barnes,28,https://www.basketball-reference.com/players/b/barneji01.html
1969,Em Bryant,7,https://www.basketball-reference.com/players/b/bryanem01.html
1969,Don Chaney,12,https://www.basketball-reference.com/players/c/chanedo01.html
1969,Mal Graham,11,https://www.basketball-reference.com/players/g/grahama01.html
1969,John Havlicek,17,https://www.basketball-reference.com/players/h/havlijo01.html
1969,Bailey Howell,18,https://www.basketball-reference.com/players/h/howelba01.html
1969,Rich Johnson,26,https://www.basketball-reference.com/players/j/johnsri01.html
1969,Sam Jones,24,https://www.basketball-reference.com/players/j/jonessa01.html
1969,Don Nelson,19,https://www.basketball-reference.com/players/n/nelsodo01.html
1969,Bud Olsen,29,https://www.basketball-reference.com/players/o/olsenbu01.html
1969,Bill Russell,6,https://www.basketball-reference.com/players/r/russebi01.html
1969,Tom Sanders,16,https://www.basketball-reference.com/players/s/sandeto01.html
1969,Larry Siegfried,20,https://www.basketball-reference.com/players/s/siegfla01.html
1970,Jim Barnes,28,https://www.basketball-reference.com/players/b/barneji01.html
1970,Em Bryant,7,https://www.basketball-reference.com/players/b/bryanem01.html
1970,Don Chaney,12,https://www.basketball-reference.com/players/c/chanedo01.html
1970,Hank Finkel,29,https://www.basketball-reference.com/players/f/finkeha01.html
1970,John Havlicek,17,https://www.basketball-reference.com/players/h/havlijo01.html
1970,Bailey Howell,18,https://www.basketball-reference.com/players/h/howelba01.html
1970,Rich Johnson,26,https://www.basketball-reference.com/players/j/johnsri01.html
1970,Steve Kuberski,11,https://www.basketball-reference.com/players/k/kuberst01.html
1970,Don Nelson,19,https://www.basketball-reference.com/players/n/nelsodo01.html
1970,Rich Niemann,27,https://www.basketball-reference.com/players/n/niemari01.html
1970,Tom Sanders,16,https://www.basketball-reference.com/players/s/sandeto01.html
1970,Larry Siegfried,20,https://www.basketball-reference.com/players/s/siegfla01.html
1970,Jo Jo White,10,https://www.basketball-reference.com/players/w/whitejo01.html
1971,Don Chaney,12,https://www.basketball-reference.com/players/c/chanedo01.html
1971,Dave Cowens,18,https://www.basketball-reference.com/players/c/cowenda01.html
1971,Bill Dinwiddie,27,https://www.basketball-reference.com/players/d/dinwibi01.html
1971,Hank Finkel,29,https://www.basketball-reference.com/players/f/finkeha01.html
1971,John Havlicek,17,https://www.basketball-reference.com/players/h/havlijo01.html
1971,Rich Johnson,26,https://www.basketball-reference.com/players/j/johnsri01.html
1971,Steve Kuberski,11,https://www.basketball-reference.com/players/k/kuberst01.html
1971,Rex Morgan,20,https://www.basketball-reference.com/players/m/morgare01.html
1971,Don Nelson,19,https://www.basketball-reference.com/players/n/nelsodo01.html
1971,Tom Sanders,16,https://www.basketball-reference.com/players/s/sandeto01.html
1971,Garfield Smith,33,https://www.basketball-reference.com/players/s/smithga01.html
1971,Jo Jo White,10,https://www.basketball-reference.com/players/w/whitejo01.html
1971,Art Williams,7,https://www.basketball-reference.com/players/w/williar01.html
1971,Willie Williams,28,https://www.basketball-reference.com/players/w/williwi01.html
1972,Don Chaney,12,https://www.basketball-reference.com/players/c/chanedo01.html
1972,Dave Cowens,18,https://www.basketball-reference.com/players/c/cowenda01.html
1972,Hank Finkel,29,https://www.basketball-reference.com/players/f/finkeha01.html
1972,Clarence Glover,28,https://www.basketball-reference.com/players/g/glovecl01.html
1972,John Havlicek,17,https://www.basketball-reference.com/players/h/havlijo01.html
1972,Steve Kuberski,11,https://www.basketball-reference.com/players/k/kuberst01.html
1972,Rex Morgan,20,https://www.basketball-reference.com/players/m/morgare01.html
1972,Don Nelson,19,https://www.basketball-reference.com/players/n/nelsodo01.html
1972,Tom Sanders,16,https://www.basketball-reference.com/players/s/sandeto01.html
1972,Garfield Smith,33,https://www.basketball-reference.com/players/s/smithga01.html
1972,Jo Jo White,10,https://www.basketball-reference.com/players/w/whitejo01.html
1972,Art Williams,7,https://www.basketball-reference.com/players/w/williar01.html
1973,Don Chaney,12,https://www.basketball-reference.com/players/c/chanedo01.html
1973,Dave Cowens,18,https://www.basketball-reference.com/players/c/cowenda01.html
1973,Hank Finkel,29,https://www.basketball-reference.com/players/f/finkeha01.html
1973,John Havlicek,17,https://www.basketball-reference.com/players/h/havlijo01.html
1973,Steve Kuberski,11,https://www.basketball-reference.com/players/k/kuberst01.html
1973,Mark Minor,20,https://www.basketball-reference.com/players/m/minorma01.html
1973,Don Nelson,19,https://www.basketball-reference.com/players/n/nelsodo01.html
1973,Tom Sanders,16,https://www.basketball-reference.com/players/s/sandeto01.html
1973,Paul Silas,35,https://www.basketball-reference.com/players/s/silaspa01.html
1973,Paul Westphal,44,https://www.basketball-reference.com/players/w/westppa01.html
1973,Jo Jo White,10,https://www.basketball-reference.com/players/w/whitejo01.html
1973,Art Williams,7,https://www.basketball-reference.com/players/w/williar01.html
1974,Don Chaney,12,https://www.basketball-reference.com/players/c/chanedo01.html
1974,Dave Cowens,18,https://www.basketball-reference.com/players/c/cowenda01.html
1974,Steve Downing,32,https://www.basketball-reference.com/players/d/downist01.html
1974,Hank Finkel,29,https://www.basketball-reference.com/players/f/finkeha01.html
1974,Phil Hankinson,20,https://www.basketball-reference.com/players/h/hankiph01.html
1974,John Havlicek,17,https://www.basketball-reference.com/players/h/havlijo01.html
1974,Steve Kuberski,11,https://www.basketball-reference.com/players/k/kuberst01.html
1974,Don Nelson,19,https://www.basketball-reference.com/players/n/nelsodo01.html
1974,Paul Silas,35,https://www.basketball-reference.com/players/s/silaspa01.html
1974,Paul Westphal,44,https://www.basketball-reference.com/players/w/westppa01.html
1974,Jo Jo White,10,https://www.basketball-reference.com/players/w/whitejo01.html
1974,Art Williams,7,https://www.basketball-reference.com/players/w/williar01.html
1975,Jim Ard,34,https://www.basketball-reference.com/players/a/ardji01.html
1975,Don Chaney,12,https://www.basketball-reference.com/players/c/chanedo01.html
1975,Ben Clyde,33,https://www.basketball-reference.com/players/c/clydebe01.html
1975,Dave Cowens,18,https://www.basketball-reference.com/players/c/cowenda01.html
1975,Steve Downing,32,https://www.basketball-reference.com/players/d/downist01.html
1975,Hank Finkel,29,https://www.basketball-reference.com/players/f/finkeha01.html
1975,Phil Hankinson,20,https://www.basketball-reference.com/players/h/hankiph01.html
1975,John Havlicek,17,https://www.basketball-reference.com/players/h/havlijo01.html
1975,Glenn McDonald,30,https://www.basketball-reference.com/players/m/mcdongl01.html
1975,Don Nelson,19,https://www.basketball-reference.com/players/n/nelsodo01.html
1975,Paul Silas,35,https://www.basketball-reference.com/players/s/silaspa01.html
1975,Kevin Stacom,27,https://www.basketball-reference.com/players/s/stacoke01.html
1975,Paul Westphal,44,https://www.basketball-reference.com/players/w/westppa01.html
1975,Jo Jo White,10,https://www.basketball-reference.com/players/w/whitejo01.html
1976,Jerome Anderson,42,https://www.basketball-reference.com/players/a/anderje01.html
1976,Jim Ard,34,https://www.basketball-reference.com/players/a/ardji01.html
1976,Tom Boswell,31,https://www.basketball-reference.com/players/b/bosweto01.html
1976,Dave Cowens,18,https://www.basketball-reference.com/players/c/cowenda01.html
1976,John Havlicek,17,https://www.basketball-reference.com/players/h/havlijo01.html
1976,Steve Kuberski,33,https://www.basketball-reference.com/players/k/kuberst01.html
1976,Glenn McDonald,30,https://www.basketball-reference.com/players/m/mcdongl01.html
1976,Don Nelson,19,https://www.basketball-reference.com/players/n/nelsodo01.html
1976,Charlie Scott,11,https://www.basketball-reference.com/players/s/scottch01.html
1976,Ed Searcy,32,https://www.basketball-reference.com/players/s/searced01.html
1976,Paul Silas,35,https://www.basketball-reference.com/players/s/silaspa01.html
1976,Kevin Stacom,27,https://www.basketball-reference.com/players/s/stacoke01.html
1976,Jo Jo White,10,https://www.basketball-reference.com/players/w/whitejo01.html
1977,Jim Ard,34,https://www.basketball-reference.com/players/a/ardji01.html
1977,Tom Boswell,31,https://www.basketball-reference.com/players/b/bosweto01.html
1977,Norm Cook,52,https://www.basketball-reference.com/players/c/cookno01.html
1977,Dave Cowens,18,https://www.basketball-reference.com/players/c/cowenda01.html
1977,John Havlicek,17,https://www.basketball-reference.com/players/h/havlijo01.html
1977,Steve Kuberski,33,https://www.basketball-reference.com/players/k/kuberst01.html
1977,Curtis Rowe,41,https://www.basketball-reference.com/players/r/rowecu01.html
1977,Fred Saunders,20,https://www.basketball-reference.com/players/s/saundfr01.html
1977,Charlie Scott,11,https://www.basketball-reference.com/players/s/scottch01.html
1977,Kevin Stacom,27,https://www.basketball-reference.com/players/s/stacoke01.html
1977,Jo Jo White,10,https://www.basketball-reference.com/players/w/whitejo01.html
1977,Sidney Wicks,12,https://www.basketball-reference.com/players/w/wickssi01.html
1977,Bobby Wilson,42,https://www.basketball-reference.com/players/w/wilsobo03.html
1978,Zaid Abdul-Aziz,54,https://www.basketball-reference.com/players/a/abdulza01.html
1978,Jim Ard,34,https://www.basketball-reference.com/players/a/ardji01.html
1978,Bob Bigelow,52,https://www.basketball-reference.com/players/b/bigelbo01.html
1978,Dave Bing,44,https://www.basketball-reference.com/players/b/bingda01.html
1978,Tom Boswell,31,https://www.basketball-reference.com/players/b/bosweto01.html
1978,Don Chaney,42,https://www.basketball-reference.com/players/c/chanedo01.html
1978,Dave Cowens,18,https://www.basketball-reference.com/players/c/cowenda01.html
1978,Ernie DiGregorio,7,https://www.basketball-reference.com/players/d/digreer01.html
1978,John Havlicek,17,https://www.basketball-reference.com/players/h/havlijo01.html
1978,Steve Kuberski,33,https://www.basketball-reference.com/players/k/kuberst01.html
1978,Cedric Maxwell,30,https://www.basketball-reference.com/players/m/maxwece01.html
1978,Curtis Rowe,41,https://www.basketball-reference.com/players/r/rowecu01.html
1978,Fred Saunders,20,https://www.basketball-reference.com/players/s/saundfr01.html
1978,Charlie Scott,11,https://www.basketball-reference.com/players/s/scottch01.html
1978,Kevin Stacom,27,https://www.basketball-reference.com/players/s/stacoke01.html
1978,Kermit Washington,26,https://www.basketball-reference.com/players/w/washike01.html
1978,Jo Jo White,10,https://www.basketball-reference.com/players/w/whitejo01.html
1978,Sidney Wicks,12,https://www.basketball-reference.com/players/w/wickssi01.html
1979,Tiny Archibald,7,https://www.basketball-reference.com/players/a/architi01.html
1979,Dennis Awtrey,34,https://www.basketball-reference.com/players/a/awtrede01.html
1979,Tom Barker,35,https://www.basketball-reference.com/players/b/barketo01.html
1979,Marvin Barnes,27,https://www.basketball-reference.com/players/b/barnema01.html
1979,Don Chaney,12,https://www.basketball-reference.com/players/c/chanedo01.html
1979,Dave Cowens,18,https://www.basketball-reference.com/players/c/cowenda01.html
1979,Chris Ford,42,https://www.basketball-reference.com/players/f/fordch01.html
1979,Jeff Judkins,32,https://www.basketball-reference.com/players/j/judkije01.html
1979,Billy Knight,35,https://www.basketball-reference.com/players/k/knighbi01.html
1979,Cedric Maxwell,30,https://www.basketball-reference.com/players/m/maxwece01.html
1979,Bob McAdoo,11,https://www.basketball-reference.com/players/m/mcadobo01.html
1979,Rick Robey,53,https://www.basketball-reference.com/players/r/robeyri01.html
1979,Curtis Rowe,41,https://www.basketball-reference.com/players/r/rowecu01.html
1979,Frankie Sanders,45,https://www.basketball-reference.com/players/s/sandefr01.html
1979,Kevin Stacom,27,https://www.basketball-reference.com/players/s/stacoke01.html
1979,Earl Tatum,43,https://www.basketball-reference.com/players/t/tatumea01.html
1979,Jo Jo White,10,https://www.basketball-reference.com/players/w/whitejo01.html
1979,Earl Williams,52,https://www.basketball-reference.com/players/w/williea01.html
1980,Tiny Archibald,7,https://www.basketball-reference.com/players/a/architi01.html
1980,Larry Bird,33,https://www.basketball-reference.com/players/b/birdla01.html
1980,M.L. Carr,30,https://www.basketball-reference.com/players/c/carrml01.html
1980,Don Chaney,12,https://www.basketball-reference.com/players/c/chanedo01.html
1980,Dave Cowens,18,https://www.basketball-reference.com/players/c/cowenda01.html
1980,Eric Fernsten,45,https://www.basketball-reference.com/players/f/fernser01.html
1980,Chris Ford,42,https://www.basketball-reference.com/players/f/fordch01.html
1980,Gerald Henderson,43,https://www.basketball-reference.com/players/h/hendege01.html
1980,Jeff Judkins,32,https://www.basketball-reference.com/players/j/judkije01.html
1980,Pete Maravich,44,https://www.basketball-reference.com/players/m/maravpe01.html
1980,Cedric Maxwell,31,https://www.basketball-reference.com/players/m/maxwece01.html
1980,Rick Robey,53,https://www.basketball-reference.com/players/r/robeyri01.html
1981,Tiny Archibald,7,https://www.basketball-reference.com/players/a/architi01.html
1981,Larry Bird,33,https://www.basketball-reference.com/players/b/birdla01.html
1981,M.L. Carr,30,https://www.basketball-reference.com/players/c/carrml01.html
1981,Terry Duerod,40,https://www.basketball-reference.com/players/d/duerote01.html
1981,Eric Fernsten,45,https://www.basketball-reference.com/players/f/fernser01.html
1981,Chris Ford,42,https://www.basketball-reference.com/players/f/fordch01.html
1981,Gerald Henderson,43,https://www.basketball-reference.com/players/h/hendege01.html
1981,Wayne Kreklow,20,https://www.basketball-reference.com/players/k/kreklwa01.html
1981,Cedric Maxwell,31,https://www.basketball-reference.com/players/m/maxwece01.html
1981,Kevin McHale,32,https://www.basketball-reference.com/players/m/mchalke01.html
1981,Robert Parish,00,https://www.basketball-reference.com/players/p/parisro01.html
1981,Rick Robey,53,https://www.basketball-reference.com/players/r/robeyri01.html
1982,Danny Ainge,44,https://www.basketball-reference.com/players/a/aingeda01.html
1982,Tiny Archibald,7,https://www.basketball-reference.com/players/a/architi01.html
1982,Larry Bird,33,https://www.basketball-reference.com/players/b/birdla01.html
1982,Charles Bradley,35,https://www.basketball-reference.com/players/b/bradlch01.html
1982,M.L. Carr,30,https://www.basketball-reference.com/players/c/carrml01.html
1982,Terry Duerod,40,https://www.basketball-reference.com/players/d/duerote01.html
1982,Eric Fernsten,45,https://www.basketball-reference.com/players/f/fernser01.html
1982,Chris Ford,42,https://www.basketball-reference.com/players/f/fordch01.html
1982,Gerald Henderson,43,https://www.basketball-reference.com/players/h/hendege01.html
1982,Tracy Jackson,11,https://www.basketball-reference.com/players/j/jackstr01.html
1982,Cedric Maxwell,31,https://www.basketball-reference.com/players/m/maxwece01.html
1982,Kevin McHale,32,https://www.basketball-reference.com/players/m/mchalke01.html
1982,Robert Parish,00,https://www.basketball-reference.com/players/p/parisro01.html
1982,Rick Robey,53,https://www.basketball-reference.com/players/r/robeyri01.html
1983,Danny Ainge,44,https://www.basketball-reference.com/players/a/aingeda01.html
1983,Tiny Archibald,7,https://www.basketball-reference.com/players/a/architi01.html
1983,Larry Bird,33,https://www.basketball-reference.com/players/b/birdla01.html
1983,Charles Bradley,35,https://www.basketball-reference.com/players/b/bradlch01.html
1983,Quinn Buckner,28,https://www.basketball-reference.com/players/b/bucknqu01.html
1983,M.L. Carr,30,https://www.basketball-reference.com/players/c/carrml01.html
1983,Gerald Henderson,43,https://www.basketball-reference.com/players/h/hendege01.html
1983,Cedric Maxwell,31,https://www.basketball-reference.com/players/m/maxwece01.html
1983,Kevin McHale,32,https://www.basketball-reference.com/players/m/mchalke01.html
1983,Robert Parish,00,https://www.basketball-reference.com/players/p/parisro01.html
1983,Rick Robey,53,https://www.basketball-reference.com/players/r/robeyri01.html
1983,Darren Tillis,52,https://www.basketball-reference.com/players/t/tillida01.html
1983,Scott Wedman,"8, 20",https://www.basketball-reference.com/players/w/wedmasc01.html
1984,Danny Ainge,44,https://www.basketball-reference.com/players/a/aingeda01.html
1984,Larry Bird,33,https://www.basketball-reference.com/players/b/birdla01.html
1984,Quinn Buckner,28,https://www.basketball-reference.com/players/b/bucknqu01.html
1984,M.L. Carr,30,https://www.basketball-reference.com/players/c/carrml01.html
1984,Carlos Clark,40,https://www.basketball-reference.com/players/c/clarkca01.html
1984,Gerald Henderson,43,https://www.basketball-reference.com/players/h/hendege01.html
1984,Dennis Johnson,3,https://www.basketball-reference.com/players/j/johnsde01.html
1984,Greg Kite,50,https://www.basketball-reference.com/players/k/kitegr01.html
1984,Cedric Maxwell,31,https://www.basketball-reference.com/players/m/maxwece01.html
1984,Kevin McHale,32,https://www.basketball-reference.com/players/m/mchalke01.html
1984,Robert Parish,00,https://www.basketball-reference.com/players/p/parisro01.html
1984,Scott Wedman,8,https://www.basketball-reference.com/players/w/wedmasc01.html
1985,Danny Ainge,44,https://www.basketball-reference.com/players/a/aingeda01.html
1985,Larry Bird,33,https://www.basketball-reference.com/players/b/birdla01.html
1985,Quinn Buckner,28,https://www.basketball-reference.com/players/b/bucknqu01.html
1985,Rick Carlisle,34,https://www.basketball-reference.com/players/c/carliri01.html
1985,M.L. Carr,30,https://www.basketball-reference.com/players/c/carrml01.html
1985,Carlos Clark,40,https://www.basketball-reference.com/players/c/clarkca01.html
1985,Dennis Johnson,3,https://www.basketball-reference.com/players/j/johnsde01.html
1985,Greg Kite,50,https://www.basketball-reference.com/players/k/kitegr01.html
1985,Cedric Maxwell,31,https://www.basketball-reference.com/players/m/maxwece01.html
1985,Kevin McHale,32,https://www.basketball-reference.com/players/m/mchalke01.html
1985,Robert Parish,00,https://www.basketball-reference.com/players/p/parisro01.html
1985,Scott Wedman,8,https://www.basketball-reference.com/players/w/wedmasc01.html
1985,Ray Williams,20,https://www.basketball-reference.com/players/w/willira01.html
1986,Danny Ainge,44,https://www.basketball-reference.com/players/a/aingeda01.html
1986,Larry Bird,33,https://www.basketball-reference.com/players/b/birdla01.html
1986,Rick Carlisle,34,https://www.basketball-reference.com/players/c/carliri01.html
1986,Dennis Johnson,3,https://www.basketball-reference.com/players/j/johnsde01.html
1986,Greg Kite,50,https://www.basketball-reference.com/players/k/kitegr01.html
1986,Kevin McHale,32,https://www.basketball-reference.com/players/m/mchalke01.html
1986,Robert Parish,00,https://www.basketball-reference.com/players/p/parisro01.html
1986,Jerry Sichting,12,https://www.basketball-reference.com/players/s/sichtje01.html
1986,David Thirdkill,45,https://www.basketball-reference.com/players/t/thirdda01.html
1986,Sam Vincent,11,https://www.basketball-reference.com/players/v/vincesa01.html
1986,Bill Walton,5,https://www.basketball-reference.com/players/w/waltobi01.html
1986,Scott Wedman,8,https://www.basketball-reference.com/players/w/wedmasc01.html
1986,Sly Williams,35,https://www.basketball-reference.com/players/w/willisl01.html
1987,Danny Ainge,44,https://www.basketball-reference.com/players/a/aingeda01.html
1987,Larry Bird,33,https://www.basketball-reference.com/players/b/birdla01.html
1987,Rick Carlisle,34,https://www.basketball-reference.com/players/c/carliri01.html
1987,Darren Daye,20,https://www.basketball-reference.com/players/d/dayeda01.html
1987,Conner Henry,43,https://www.basketball-reference.com/players/h/henryco01.html
1987,Dennis Johnson,3,https://www.basketball-reference.com/players/j/johnsde01.html
1987,Greg Kite,50,https://www.basketball-reference.com/players/k/kitegr01.html
1987,Kevin McHale,32,https://www.basketball-reference.com/players/m/mchalke01.html
1987,Robert Parish,00,https://www.basketball-reference.com/players/p/parisro01.html
1987,Fred Roberts,31,https://www.basketball-reference.com/players/r/roberfr01.html
1987,Jerry Sichting,12,https://www.basketball-reference.com/players/s/sichtje01.html
1987,David Thirdkill,45,https://www.basketball-reference.com/players/t/thirdda01.html
1987,Andre Turner,7,https://www.basketball-reference.com/players/t/turnean01.html
1987,Sam Vincent,11,https://www.basketball-reference.com/players/v/vincesa01.html
1987,Bill Walton,5,https://www.basketball-reference.com/players/w/waltobi01.html
1987,Scott Wedman,8,https://www.basketball-reference.com/players/w/wedmasc01.html
1988,Mark Acres,42,https://www.basketball-reference.com/players/a/acresma01.html
1988,Danny Ainge,44,https://www.basketball-reference.com/players/a/aingeda01.html
1988,Larry Bird,33,https://www.basketball-reference.com/players/b/birdla01.html
1988,Darren Daye,20,https://www.basketball-reference.com/players/d/dayeda01.html
1988,Artis Gilmore,53,https://www.basketball-reference.com/players/g/gilmoar01.html
1988,Conner Henry,43,https://www.basketball-reference.com/players/h/henryco01.html
1988,Dennis Johnson,3,https://www.basketball-reference.com/players/j/johnsde01.html
1988,Greg Kite,50,https://www.basketball-reference.com/players/k/kitegr01.html
1988,Reggie Lewis,35,https://www.basketball-reference.com/players/l/lewisre01.html
1988,Brad Lohaus,54,https://www.basketball-reference.com/players/l/lohaubr01.html
1988,Kevin McHale,32,https://www.basketball-reference.com/players/m/mchalke01.html
1988,Dirk Minniefield,11,https://www.basketball-reference.com/players/m/minnidi01.html
1988,Robert Parish,00,https://www.basketball-reference.com/players/p/parisro01.html
1988,Jim Paxson,4,https://www.basketball-reference.com/players/p/paxsoji02.html
1988,Fred Roberts,31,https://www.basketball-reference.com/players/r/roberfr01.html
1988,Jerry Sichting,12,https://www.basketball-reference.com/players/s/sichtje01.html
1989,Mark Acres,42,https://www.basketball-reference.com/players/a/acresma01.html
1989,Danny Ainge,44,https://www.basketball-reference.com/players/a/aingeda01.html
1989,Larry Bird,33,https://www.basketball-reference.com/players/b/birdla01.html
1989,Otis Birdsong,12,https://www.basketball-reference.com/players/b/birdsot01.html
1989,Kevin Gamble,34,https://www.basketball-reference.com/players/g/gamblke01.html
1989,Ron Grandison,31,https://www.basketball-reference.com/players/g/grandro01.html
1989,Dennis Johnson,3,https://www.basketball-reference.com/players/j/johnsde01.html
1989,Joe Kleine,53,https://www.basketball-reference.com/players/k/kleinjo01.html
1989,Reggie Lewis,35,https://www.basketball-reference.com/players/l/lewisre01.html
1989,Brad Lohaus,54,https://www.basketball-reference.com/players/l/lohaubr01.html
1989,Kevin McHale,32,https://www.basketball-reference.com/players/m/mchalke01.html
1989,Robert Parish,00,https://www.basketball-reference.com/players/p/parisro01.html
1989,Jim Paxson,4,https://www.basketball-reference.com/players/p/paxsoji02.html
1989,Ed Pinckney,54,https://www.basketball-reference.com/players/p/pincked01.html
1989,Ramón Rivas,45,https://www.basketball-reference.com/players/r/rivasra01.html
1989,Brian Shaw,20,https://www.basketball-reference.com/players/s/shawbr01.html
1989,Kelvin Upshaw,7,https://www.basketball-reference.com/players/u/upshake01.html
1990,John Bagley,5,https://www.basketball-reference.com/players/b/baglejo01.html
1990,Larry Bird,33,https://www.basketball-reference.com/players/b/birdla01.html
1990,Kevin Gamble,34,https://www.basketball-reference.com/players/g/gamblke01.html
1990,Dennis Johnson,3,https://www.basketball-reference.com/players/j/johnsde01.html
1990,Joe Kleine,53,https://www.basketball-reference.com/players/k/kleinjo01.html
1990,Reggie Lewis,35,https://www.basketball-reference.com/players/l/lewisre01.html
1990,Kevin McHale,32,https://www.basketball-reference.com/players/m/mchalke01.html
1990,Robert Parish,00,https://www.basketball-reference.com/players/p/parisro01.html
1990,Jim Paxson,4,https://www.basketball-reference.com/players/p/paxsoji02.html
1990,Ed Pinckney,54,https://www.basketball-reference.com/players/p/pincked01.html
1990,Charles Smith,13,https://www.basketball-reference.com/players/s/smithch02.html
1990,Michael Smith,11,https://www.basketball-reference.com/players/s/smithmi01.html
1990,Kelvin Upshaw,7,https://www.basketball-reference.com/players/u/upshake01.html
1991,Larry Bird,33,https://www.basketball-reference.com/players/b/birdla01.html
1991,Dee Brown,7,https://www.basketball-reference.com/players/b/brownde01.html
1991,Kevin Gamble,34,https://www.basketball-reference.com/players/g/gamblke01.html
1991,Joe Kleine,53,https://www.basketball-reference.com/players/k/kleinjo01.html
1991,Reggie Lewis,35,https://www.basketball-reference.com/players/l/lewisre01.html
1991,Kevin McHale,32,https://www.basketball-reference.com/players/m/mchalke01.html
1991,Robert Parish,00,https://www.basketball-reference.com/players/p/parisro01.html
1991,Ed Pinckney,54,https://www.basketball-reference.com/players/p/pincked01.html
1991,Dave Popson,42,https://www.basketball-reference.com/players/p/popsoda01.html
1991,Brian Shaw,20,https://www.basketball-reference.com/players/s/shawbr01.html
1991,Charles Smith,13,https://www.basketball-reference.com/players/s/smithch02.html
1991,Derek Smith,43,https://www.basketball-reference.com/players/s/smithde02.html
1991,Michael Smith,11,https://www.basketball-reference.com/players/s/smithmi01.html
1991,Stojko Vranković,52,https://www.basketball-reference.com/players/v/vrankst01.html
1991,A.J. Wynder,12,https://www.basketball-reference.com/players/w/wyndeaj01.html
1992,John Bagley,5,https://www.basketball-reference.com/players/b/baglejo01.html
1992,Kenny Battle,8,https://www.basketball-reference.com/players/b/battlke01.html
1992,Larry Bird,33,https://www.basketball-reference.com/players/b/birdla01.html
1992,Dee Brown,7,https://www.basketball-reference.com/players/b/brownde01.html
1992,Sherman Douglas,"4, 20",https://www.basketball-reference.com/players/d/douglsh01.html
1992,Rick Fox,44,https://www.basketball-reference.com/players/f/foxri01.html
1992,Kevin Gamble,34,https://www.basketball-reference.com/players/g/gamblke01.html
1992,Rickey Green,13,https://www.basketball-reference.com/players/g/greenri01.html
1992,Joe Kleine,53,https://www.basketball-reference.com/players/k/kleinjo01.html
1992,Reggie Lewis,35,https://www.basketball-reference.com/players/l/lewisre01.html
1992,Tony Massenburg,41,https://www.basketball-reference.com/players/m/masseto01.html
1992,Kevin McHale,32,https://www.basketball-reference.com/players/m/mchalke01.html
1992,Robert Parish,00,https://www.basketball-reference.com/players/p/parisro01.html
1992,Ed Pinckney,54,https://www.basketball-reference.com/players/p/pincked01.html
1992,Kevin Pritchard,12,https://www.basketball-reference.com/players/p/pritcke01.html
1992,Larry Robinson,4,https://www.basketball-reference.com/players/r/robinla01.html
1992,Brian Shaw,20,https://www.basketball-reference.com/players/s/shawbr01.html
1992,Stojko Vranković,11,https://www.basketball-reference.com/players/v/vrankst01.html
1993,Alaa Abdelnaby,4,https://www.basketball-reference.com/players/a/abdelal01.html
1993,John Bagley,5,https://www.basketball-reference.com/players/b/baglejo01.html
1993,Kenny Battle,8,https://www.basketball-reference.com/players/b/battlke01.html
1993,Dee Brown,7,https://www.basketball-reference.com/players/b/brownde01.html
1993,Sherman Douglas,20,https://www.basketball-reference.com/players/d/douglsh01.html
1993,Rick Fox,44,https://www.basketball-reference.com/players/f/foxri01.html
1993,Kevin Gamble,34,https://www.basketball-reference.com/players/g/gamblke01.html
1993,Joe Kleine,53,https://www.basketball-reference.com/players/k/kleinjo01.html
1993,Bart Kofoed,12,https://www.basketball-reference.com/players/k/kofoeba01.html
1993,Reggie Lewis,35,https://www.basketball-reference.com/players/l/lewisre01.html
1993,Xavier McDaniel,31,https://www.basketball-reference.com/players/m/mcdanxa01.html
1993,Kevin McHale,32,https://www.basketball-reference.com/players/m/mchalke01.html
1993,Robert Parish,00,https://www.basketball-reference.com/players/p/parisro01.html
1993,Ed Pinckney,54,https://www.basketball-reference.com/players/p/pincked01.html
1993,Marcus Webb,41,https://www.basketball-reference.com/players/w/webbma01.html
1993,Lorenzo Williams,43,https://www.basketball-reference.com/players/w/willilo01.html
1993,Joe Wolf,42,https://www.basketball-reference.com/players/w/wolfjo01.html
1994,Alaa Abdelnaby,4,https://www.basketball-reference.com/players/a/abdelal01.html
1994,Dee Brown,7,https://www.basketball-reference.com/players/b/brownde01.html
1994,Chris Corchiani,12,https://www.basketball-reference.com/players/c/corchch01.html
1994,Sherman Douglas,20,https://www.basketball-reference.com/players/d/douglsh01.html
1994,Acie Earl,55,https://www.basketball-reference.com/players/e/earlac01.html
1994,Rick Fox,44,https://www.basketball-reference.com/players/f/foxri01.html
1994,Kevin Gamble,34,https://www.basketball-reference.com/players/g/gamblke01.html
1994,Tony Harris,43,https://www.basketball-reference.com/players/h/harrito01.html
1994,Todd Lichti,30,https://www.basketball-reference.com/players/l/lichtto01.html
1994,Xavier McDaniel,31,https://www.basketball-reference.com/players/m/mcdanxa01.html
1994,Jimmy Oliver,27,https://www.basketball-reference.com/players/o/oliveji01.html
1994,Robert Parish,00,https://www.basketball-reference.com/players/p/parisro01.html
1994,Ed Pinckney,54,https://www.basketball-reference.com/players/p/pincked01.html
1994,Dino Radja,40,https://www.basketball-reference.com/players/r/radjadi01.html
1994,Matt Wenstrom,50,https://www.basketball-reference.com/players/w/wenstma01.html
1995,James Blackwell,8,https://www.basketball-reference.com/players/b/blackja01.html
1995,Dee Brown,7,https://www.basketball-reference.com/players/b/brownde01.html
1995,Tony Dawson,45,https://www.basketball-reference.com/players/d/dawsoto01.html
1995,Sherman Douglas,20,https://www.basketball-reference.com/players/d/douglsh01.html
1995,Acie Earl,55,https://www.basketball-reference.com/players/e/earlac01.html
1995,Blue Edwards,30,https://www.basketball-reference.com/players/e/edwarbl01.html
1995,Pervis Ellison,29,https://www.basketball-reference.com/players/e/ellispe01.html
1995,Rick Fox,44,https://www.basketball-reference.com/players/f/foxri01.html
1995,Tony Harris,43,https://www.basketball-reference.com/players/h/harrito01.html
1995,Jay Humphries,5,https://www.basketball-reference.com/players/h/humphja01.html
1995,Xavier McDaniel,34,https://www.basketball-reference.com/players/m/mcdanxa01.html
1995,Greg Minor,9,https://www.basketball-reference.com/players/m/minorgr01.html
1995,Eric Montross,0,https://www.basketball-reference.com/players/m/montrer01.html
1995,Dino Radja,40,https://www.basketball-reference.com/players/r/radjadi01.html
1995,Derek Strong,31,https://www.basketball-reference.com/players/s/stronde01.html
1995,David Wesley,4,https://www.basketball-reference.com/players/w/wesleda01.html
1995,Dominique Wilkins,12,https://www.basketball-reference.com/players/w/wilkido01.html
1996,Dana Barros,11,https://www.basketball-reference.com/players/b/barroda01.html
1996,Dee Brown,7,https://www.basketball-reference.com/players/b/brownde01.html
1996,Junior Burrough,5,https://www.basketball-reference.com/players/b/burroju01.html
1996,Charles Claxton,51,https://www.basketball-reference.com/players/c/claxtch01.html
1996,Todd Day,13,https://www.basketball-reference.com/players/d/dayto01.html
1996,Sherman Douglas,20,https://www.basketball-reference.com/players/d/douglsh01.html
1996,Pervis Ellison,29,https://www.basketball-reference.com/players/e/ellispe01.html
1996,Rick Fox,44,https://www.basketball-reference.com/players/f/foxri01.html
1996,Thomas Hamilton,30,https://www.basketball-reference.com/players/h/hamilth01.html
1996,Alton Lister,53,https://www.basketball-reference.com/players/l/listeal01.html
1996,Greg Minor,9,https://www.basketball-reference.com/players/m/minorgr01.html
1996,Eric Montross,0,https://www.basketball-reference.com/players/m/montrer01.html
1996,Todd Mundt,51,https://www.basketball-reference.com/players/m/mundtto01.html
1996,Dino Radja,40,https://www.basketball-reference.com/players/r/radjadi01.html
1996,Doug Smith,34,https://www.basketball-reference.com/players/s/smithdo03.html
1996,Larry Sykes,54,https://www.basketball-reference.com/players/s/sykesla01.html
1996,David Wesley,4,https://www.basketball-reference.com/players/w/wesleda01.html
1996,Eric Williams,55,https://www.basketball-reference.com/players/w/willier01.html
1997,Dana Barros,11,https://www.basketball-reference.com/players/b/barroda01.html
1997,Frank Brickowski,34,https://www.basketball-reference.com/players/b/brickfr01.html
1997,Dee Brown,7,https://www.basketball-reference.com/players/b/brownde01.html
1997,Marty Conlon,30,https://www.basketball-reference.com/players/c/conloma01.html
1997,Todd Day,13,https://www.basketball-reference.com/players/d/dayto01.html
1997,Nate Driggers,27,https://www.basketball-reference.com/players/d/driggna01.html
1997,Pervis Ellison,29,https://www.basketball-reference.com/players/e/ellispe01.html
1997,Rick Fox,44,https://www.basketball-reference.com/players/f/foxri01.html
1997,Steve Hamer,42,https://www.basketball-reference.com/players/h/hamerst01.html
1997,Michael Hawkins,5,https://www.basketball-reference.com/players/h/hawkimi01.html
1997,Stacey King,41,https://www.basketball-reference.com/players/k/kingst01.html
1997,Alton Lister,53,https://www.basketball-reference.com/players/l/listeal01.html
1997,Greg Minor,9,https://www.basketball-reference.com/players/m/minorgr01.html
1997,Dino Radja,40,https://www.basketball-reference.com/players/r/radjadi01.html
1997,Brett Szabo,43,https://www.basketball-reference.com/players/s/szabobr01.html
1997,Antoine Walker,8,https://www.basketball-reference.com/players/w/walkean02.html
1997,David Wesley,4,https://www.basketball-reference.com/players/w/wesleda01.html
1997,Eric Williams,55,https://www.basketball-reference.com/players/w/willier01.html
1998,Kenny Anderson,7,https://www.basketball-reference.com/players/a/anderke01.html
1998,Dana Barros,11,https://www.basketball-reference.com/players/b/barroda01.html
1998,Chauncey Billups,4,https://www.basketball-reference.com/players/b/billuch01.html
1998,Bruce Bowen,12,https://www.basketball-reference.com/players/b/bowenbr01.html
1998,Dee Brown,7,https://www.basketball-reference.com/players/b/brownde01.html
1998,Andrew DeClercq,45,https://www.basketball-reference.com/players/d/declean01.html
1998,Tyus Edney,20,https://www.basketball-reference.com/players/e/edneyty01.html
1998,Pervis Ellison,29,https://www.basketball-reference.com/players/e/ellispe01.html
1998,Reggie Hanson,34,https://www.basketball-reference.com/players/h/hansore01.html
1998,Dontae' Jones,13,https://www.basketball-reference.com/players/j/jonesdo01.html
1998,Travis Knight,40,https://www.basketball-reference.com/players/k/knightr01.html
1998,Walter McCarty,0,https://www.basketball-reference.com/players/m/mccarwa01.html
1998,Ron Mercer,5,https://www.basketball-reference.com/players/m/mercero01.html
1998,Greg Minor,9,https://www.basketball-reference.com/players/m/minorgr01.html
1998,Roy Rogers,99,https://www.basketball-reference.com/players/r/rogerro02.html
1998,Žan Tabak,55,https://www.basketball-reference.com/players/t/tabakza01.html
1998,John Thomas,55,https://www.basketball-reference.com/players/t/thomajo02.html
1998,Antoine Walker,8,https://www.basketball-reference.com/players/w/walkean02.html
1999,Kenny Anderson,7,https://www.basketball-reference.com/players/a/anderke01.html
1999,Dana Barros,11,https://www.basketball-reference.com/players/b/barroda01.html
1999,Tony Battie,40,https://www.basketball-reference.com/players/b/battito01.html
1999,Bruce Bowen,12,https://www.basketball-reference.com/players/b/bowenbr01.html
1999,Andrew DeClercq,45,https://www.basketball-reference.com/players/d/declean01.html
1999,Marlon Garnett,20,https://www.basketball-reference.com/players/g/garnema01.html
1999,Damon Jones,13,https://www.basketball-reference.com/players/j/jonesda01.html
1999,Popeye Jones,4,https://www.basketball-reference.com/players/j/jonespo01.html
1999,Walter McCarty,0,https://www.basketball-reference.com/players/m/mccarwa01.html
1999,Ron Mercer,5,https://www.basketball-reference.com/players/m/mercero01.html
1999,Greg Minor,9,https://www.basketball-reference.com/players/m/minorgr01.html
1999,Paul Pierce,34,https://www.basketball-reference.com/players/p/piercpa01.html
1999,Vitaly Potapenko,52,https://www.basketball-reference.com/players/p/potapvi01.html
1999,Eric Riley,44,https://www.basketball-reference.com/players/r/rileyer01.html
1999,Dwayne Schintzius,55,https://www.basketball-reference.com/players/s/schindw01.html
1999,Antoine Walker,8,https://www.basketball-reference.com/players/w/walkean02.html
2000,Kenny Anderson,7,https://www.basketball-reference.com/players/a/anderke01.html
2000,Dana Barros,11,https://www.basketball-reference.com/players/b/barroda01.html
2000,Tony Battie,4,https://www.basketball-reference.com/players/b/battito01.html
2000,Calbert Cheaney,40,https://www.basketball-reference.com/players/c/cheanca01.html
2000,Pervis Ellison,29,https://www.basketball-reference.com/players/e/ellispe01.html
2000,Danny Fortson,27,https://www.basketball-reference.com/players/f/fortsda01.html
2000,Adrian Griffin,44,https://www.basketball-reference.com/players/g/griffad01.html
2000,Walter McCarty,0,https://www.basketball-reference.com/players/m/mccarwa01.html
2000,Doug Overton,20,https://www.basketball-reference.com/players/o/overtdo01.html
2000,Paul Pierce,34,https://www.basketball-reference.com/players/p/piercpa01.html
2000,Vitaly Potapenko,52,https://www.basketball-reference.com/players/p/potapvi01.html
2000,Jamel Thomas,5,https://www.basketball-reference.com/players/t/thomaja01.html
2000,Wayne Turner,5,https://www.basketball-reference.com/players/t/turnewa01.html
2000,Antoine Walker,8,https://www.basketball-reference.com/players/w/walkean02.html
2000,Eric Williams,55,https://www.basketball-reference.com/players/w/willier01.html
2001,Kenny Anderson,7,https://www.basketball-reference.com/players/a/anderke01.html
2001,Tony Battie,4,https://www.basketball-reference.com/players/b/battito01.html
2001,Mark Blount,30,https://www.basketball-reference.com/players/b/blounma01.html
2001,Randy Brown,11,https://www.basketball-reference.com/players/b/brownra02.html
2001,Rick Brunson,40,https://www.basketball-reference.com/players/b/brunsri01.html
2001,Chris Carr,43,https://www.basketball-reference.com/players/c/carrch01.html
2001,Adrian Griffin,44,https://www.basketball-reference.com/players/g/griffad01.html
2001,Chris Herren,12,https://www.basketball-reference.com/players/h/herrech01.html
2001,Walter McCarty,0,https://www.basketball-reference.com/players/m/mccarwa01.html
2001,Jérôme Moïso,5,https://www.basketball-reference.com/players/m/moisoje01.html
2001,Doug Overton,9,https://www.basketball-reference.com/players/o/overtdo01.html
2001,Milt Palacio,9,https://www.basketball-reference.com/players/p/palacmi01.html
2001,Paul Pierce,34,https://www.basketball-reference.com/players/p/piercpa01.html
2001,Vitaly Potapenko,52,https://www.basketball-reference.com/players/p/potapvi01.html
2001,Bryant Stith,20,https://www.basketball-reference.com/players/s/stithbr01.html
2001,Antoine Walker,8,https://www.basketball-reference.com/players/w/walkean02.html
2001,Eric Williams,55,https://www.basketball-reference.com/players/w/willier01.html
2002,Kenny Anderson,7,https://www.basketball-reference.com/players/a/anderke01.html
2002,Tony Battie,4,https://www.basketball-reference.com/players/b/battito01.html
2002,Mark Blount,30,https://www.basketball-reference.com/players/b/blounma01.html
2002,Kedrick Brown,42,https://www.basketball-reference.com/players/b/brownke01.html
2002,Randy Brown,11,https://www.basketball-reference.com/players/b/brownra02.html
2002,Tony Delk,28,https://www.basketball-reference.com/players/d/delkto01.html
2002,Joseph Forte,40,https://www.basketball-reference.com/players/f/fortejo01.html
2002,Joe Johnson,31,https://www.basketball-reference.com/players/j/johnsjo02.html
2002,Walter McCarty,0,https://www.basketball-reference.com/players/m/mccarwa01.html
2002,Milt Palacio,9,https://www.basketball-reference.com/players/p/palacmi01.html
2002,Paul Pierce,34,https://www.basketball-reference.com/players/p/piercpa01.html
2002,Vitaly Potapenko,52,https://www.basketball-reference.com/players/p/potapvi01.html
2002,Rodney Rogers,54,https://www.basketball-reference.com/players/r/rogerro01.html
2002,Erick Strickland,20,https://www.basketball-reference.com/players/s/stricer01.html
2002,Antoine Walker,8,https://www.basketball-reference.com/players/w/walkean02.html
2002,Eric Williams,55,https://www.basketball-reference.com/players/w/willier01.html
2003,Vin Baker,42,https://www.basketball-reference.com/players/b/bakervi01.html
2003,Tony Battie,4,https://www.basketball-reference.com/players/b/battito01.html
2003,Mark Blount,30,https://www.basketball-reference.com/players/b/blounma01.html
2003,J.R. Bremer,9,https://www.basketball-reference.com/players/b/bremejr01.html
2003,Kedrick Brown,5,https://www.basketball-reference.com/players/b/brownke01.html
2003,Mark Bryant,11,https://www.basketball-reference.com/players/b/bryanma01.html
2003,Bimbo Coles,12,https://www.basketball-reference.com/players/c/colesbi01.html
2003,Tony Delk,7,https://www.basketball-reference.com/players/d/delkto01.html
2003,Grant Long,43,https://www.basketball-reference.com/players/l/longgr01.html
2003,Walter McCarty,0,https://www.basketball-reference.com/players/m/mccarwa01.html
2003,Mikki Moore,31,https://www.basketball-reference.com/players/m/mooremi01.html
2003,Paul Pierce,34,https://www.basketball-reference.com/players/p/piercpa01.html
2003,Bruno Šundov,41,https://www.basketball-reference.com/players/s/sundobr01.html
2003,Antoine Walker,8,https://www.basketball-reference.com/players/w/walkean02.html
2003,Eric Williams,55,https://www.basketball-reference.com/players/w/willier01.html
2003,Shammond Williams,11,https://www.basketball-reference.com/players/w/willish01.html
2003,Rubén Wolkowyski,45,https://www.basketball-reference.com/players/w/wolkoru01.html
2004,Chucky Atkins,7,https://www.basketball-reference.com/players/a/atkinch01.html
2004,Vin Baker,42,https://www.basketball-reference.com/players/b/bakervi01.html
2004,Marcus Banks,11,https://www.basketball-reference.com/players/b/banksma01.html
2004,Dana Barros,13,https://www.basketball-reference.com/players/b/barroda01.html
2004,Tony Battie,4,https://www.basketball-reference.com/players/b/battito01.html
2004,Mark Blount,30,https://www.basketball-reference.com/players/b/blounma01.html
2004,Kedrick Brown,5,https://www.basketball-reference.com/players/b/brownke01.html
2004,Ricky Davis,12,https://www.basketball-reference.com/players/d/davisri01.html
2004,Brandon Hunter,56,https://www.basketball-reference.com/players/h/huntebr01.html
2004,Mike James,13,https://www.basketball-reference.com/players/j/jamesmi01.html
2004,Jumaine Jones,20,https://www.basketball-reference.com/players/j/jonesju01.html
2004,Raef LaFrentz,45,https://www.basketball-reference.com/players/l/lafrera01.html
2004,Walter McCarty,0,https://www.basketball-reference.com/players/m/mccarwa01.html
2004,Chris Mihm,4,https://www.basketball-reference.com/players/m/mihmch01.html
2004,Kendrick Perkins,43,https://www.basketball-reference.com/players/p/perkike01.html
2004,Paul Pierce,34,https://www.basketball-reference.com/players/p/piercpa01.html
2004,Michael Stewart,5,https://www.basketball-reference.com/players/s/stewami01.html
2004,Jiří Welsch,44,https://www.basketball-reference.com/players/w/welscji01.html
2004,Eric Williams,55,https://www.basketball-reference.com/players/w/willier01.html
2005,Tony Allen,42,https://www.basketball-reference.com/players/a/allento01.html
2005,Marcus Banks,11,https://www.basketball-reference.com/players/b/banksma01.html
2005,Mark Blount,30,https://www.basketball-reference.com/players/b/blounma01.html
2005,Ricky Davis,12,https://www.basketball-reference.com/players/d/davisri01.html
2005,Tom Gugliotta,7,https://www.basketball-reference.com/players/g/guglito01.html
2005,Al Jefferson,"7, 8",https://www.basketball-reference.com/players/j/jeffeal01.html
2005,Raef LaFrentz,45,https://www.basketball-reference.com/players/l/lafrera01.html
2005,Walter McCarty,0,https://www.basketball-reference.com/players/m/mccarwa01.html
2005,Gary Payton,20,https://www.basketball-reference.com/players/p/paytoga01.html
2005,Kendrick Perkins,43,https://www.basketball-reference.com/players/p/perkike01.html
2005,Paul Pierce,34,https://www.basketball-reference.com/players/p/piercpa01.html
2005,Justin Reed,9,https://www.basketball-reference.com/players/r/reedju01.html
2005,Antoine Walker,88,https://www.basketball-reference.com/players/w/walkean02.html
2005,Jiří Welsch,44,https://www.basketball-reference.com/players/w/welscji01.html
2005,Delonte West,13,https://www.basketball-reference.com/players/w/westde01.html
2006,Tony Allen,42,https://www.basketball-reference.com/players/a/allento01.html
2006,Marcus Banks,11,https://www.basketball-reference.com/players/b/banksma01.html
2006,Mark Blount,30,https://www.basketball-reference.com/players/b/blounma01.html
2006,Ricky Davis,12,https://www.basketball-reference.com/players/d/davisri01.html
2006,Dan Dickau,20,https://www.basketball-reference.com/players/d/dickada01.html
2006,Ryan Gomes,4,https://www.basketball-reference.com/players/g/gomesry01.html
2006,Gerald Green,5,https://www.basketball-reference.com/players/g/greenge01.html
2006,Orien Greene,0,https://www.basketball-reference.com/players/g/greenor01.html
2006,Al Jefferson,7,https://www.basketball-reference.com/players/j/jeffeal01.html
2006,Dwayne Jones,27,https://www.basketball-reference.com/players/j/jonesdw02.html
2006,Raef LaFrentz,45,https://www.basketball-reference.com/players/l/lafrera01.html
2006,Michael Olowokandi,41,https://www.basketball-reference.com/players/o/olowomi01.html
2006,Kendrick Perkins,43,https://www.basketball-reference.com/players/p/perkike01.html
2006,Paul Pierce,34,https://www.basketball-reference.com/players/p/piercpa01.html
2006,Justin Reed,9,https://www.basketball-reference.com/players/r/reedju01.html
2006,Brian Scalabrine,44,https://www.basketball-reference.com/players/s/scalabr01.html
2006,Wally Szczerbiak,55,https://www.basketball-reference.com/players/s/szczewa02.html
2006,Delonte West,13,https://www.basketball-reference.com/players/w/westde01.html
2007,Tony Allen,42,https://www.basketball-reference.com/players/a/allento01.html
2007,Ryan Gomes,4,https://www.basketball-reference.com/players/g/gomesry01.html
2007,Gerald Green,5,https://www.basketball-reference.com/players/g/greenge01.html
2007,Al Jefferson,7,https://www.basketball-reference.com/players/j/jeffeal01.html
2007,Michael Olowokandi,41,https://www.basketball-reference.com/players/o/olowomi01.html
2007,Kendrick Perkins,43,https://www.basketball-reference.com/players/p/perkike01.html
2007,Paul Pierce,34,https://www.basketball-reference.com/players/p/piercpa01.html
2007,Kevinn Pinkney,51,https://www.basketball-reference.com/players/p/pinknke01.html
2007,Leon Powe,0,https://www.basketball-reference.com/players/p/powele01.html
2007,Theo Ratliff,50,https://www.basketball-reference.com/players/r/ratlith01.html
2007,Allan Ray,12,https://www.basketball-reference.com/players/r/rayal01.html
2007,Rajon Rondo,9,https://www.basketball-reference.com/players/r/rondora01.html
2007,Brian Scalabrine,44,https://www.basketball-reference.com/players/s/scalabr01.html
2007,Wally Szczerbiak,55,https://www.basketball-reference.com/players/s/szczewa02.html
2007,Sebastian Telfair,30,https://www.basketball-reference.com/players/t/telfase01.html
2007,Delonte West,13,https://www.basketball-reference.com/players/w/westde01.html
2008,Ray Allen,20,https://www.basketball-reference.com/players/a/allenra02.html
2008,Tony Allen,42,https://www.basketball-reference.com/players/a/allento01.html
2008,P.J. Brown,93,https://www.basketball-reference.com/players/b/brownpj01.html
2008,Sam Cassell,28,https://www.basketball-reference.com/players/c/cassesa01.html
2008,Glen Davis,11,https://www.basketball-reference.com/players/d/davisgl01.html
2008,Kevin Garnett,5,https://www.basketball-reference.com/players/g/garneke01.html
2008,Eddie House,50,https://www.basketball-reference.com/players/h/houseed01.html
2008,Kendrick Perkins,43,https://www.basketball-reference.com/players/p/perkike01.html
2008,Paul Pierce,34,https://www.basketball-reference.com/players/p/piercpa01.html
2008,Scot Pollard,66,https://www.basketball-reference.com/players/p/pollasc01.html
2008,James Posey,41,https://www.basketball-reference.com/players/p/poseyja01.html
2008,Leon Powe,0,https://www.basketball-reference.com/players/p/powele01.html
2008,Gabe Pruitt,13,https://www.basketball-reference.com/players/p/pruitga01.html
2008,Rajon Rondo,9,https://www.basketball-reference.com/players/r/rondora01.html
2008,Brian Scalabrine,44,https://www.basketball-reference.com/players/s/scalabr01.html
2009,Ray Allen,20,https://www.basketball-reference.com/players/a/allenra02.html
2009,Tony Allen,42,https://www.basketball-reference.com/players/a/allento01.html
2009,Glen Davis,11,https://www.basketball-reference.com/players/d/davisgl01.html
2009,Kevin Garnett,5,https://www.basketball-reference.com/players/g/garneke01.html
2009,J.R. Giddens,4,https://www.basketball-reference.com/players/g/giddejr01.html
2009,Eddie House,50,https://www.basketball-reference.com/players/h/houseed01.html
2009,Stephon Marbury,8,https://www.basketball-reference.com/players/m/marbust01.html
2009,Mikki Moore,7,https://www.basketball-reference.com/players/m/mooremi01.html
2009,Patrick O'Bryant,26,https://www.basketball-reference.com/players/o/obryapa01.html
2009,Kendrick Perkins,43,https://www.basketball-reference.com/players/p/perkike01.html
2009,Paul Pierce,34,https://www.basketball-reference.com/players/p/piercpa01.html
2009,Leon Powe,0,https://www.basketball-reference.com/players/p/powele01.html
2009,Gabe Pruitt,13,https://www.basketball-reference.com/players/p/pruitga01.html
2009,Rajon Rondo,9,https://www.basketball-reference.com/players/r/rondora01.html
2009,Brian Scalabrine,44,https://www.basketball-reference.com/players/s/scalabr01.html
2009,Henry Walker,12,https://www.basketball-reference.com/players/w/walkebi01.html
2010,Ray Allen,20,https://www.basketball-reference.com/players/a/allenra02.html
2010,Tony Allen,42,https://www.basketball-reference.com/players/a/allento01.html
2010,Marquis Daniels,7,https://www.basketball-reference.com/players/d/daniema01.html
2010,Glen Davis,11,https://www.basketball-reference.com/players/d/davisgl01.html
2010,Michael Finley,40,https://www.basketball-reference.com/players/f/finlemi01.html
2010,Kevin Garnett,5,https://www.basketball-reference.com/players/g/garneke01.html
2010,J.R. Giddens,4,https://www.basketball-reference.com/players/g/giddejr01.html
2010,Eddie House,50,https://www.basketball-reference.com/players/h/houseed01.html
2010,Lester Hudson,26,https://www.basketball-reference.com/players/h/hudsole01.html
2010,Oliver Lafayette,40,https://www.basketball-reference.com/players/l/lafayol01.html
2010,Marcus Landry,12,https://www.basketball-reference.com/players/l/landrma01.html
2010,Kendrick Perkins,43,https://www.basketball-reference.com/players/p/perkike01.html
2010,Paul Pierce,34,https://www.basketball-reference.com/players/p/piercpa01.html
2010,Nate Robinson,4,https://www.basketball-reference.com/players/r/robinna01.html
2010,Rajon Rondo,9,https://www.basketball-reference.com/players/r/rondora01.html
2010,Brian Scalabrine,44,https://www.basketball-reference.com/players/s/scalabr01.html
2010,Henry Walker,12,https://www.basketball-reference.com/players/w/walkebi01.html
2010,Rasheed Wallace,30,https://www.basketball-reference.com/players/w/wallara01.html
2010,Shelden Williams,13,https://www.basketball-reference.com/players/w/willish02.html
2011,Ray Allen,20,https://www.basketball-reference.com/players/a/allenra02.html
2011,Carlos Arroyo,45,https://www.basketball-reference.com/players/a/arroyca01.html
2011,Avery Bradley,0,https://www.basketball-reference.com/players/b/bradlav01.html
2011,Marquis Daniels,8,https://www.basketball-reference.com/players/d/daniema01.html
2011,Glen Davis,11,https://www.basketball-reference.com/players/d/davisgl01.html
2011,Semih Erden,86,https://www.basketball-reference.com/players/e/erdense01.html
2011,Kevin Garnett,5,https://www.basketball-reference.com/players/g/garneke01.html
2011,Jeff Green,8,https://www.basketball-reference.com/players/g/greenje02.html
2011,Luke Harangody,55,https://www.basketball-reference.com/players/h/haranlu01.html
2011,Chris Johnson,86,https://www.basketball-reference.com/players/j/johnsch03.html
2011,Nenad Krstić,4,https://www.basketball-reference.com/players/k/krstine01.html
2011,Troy Murphy,30,https://www.basketball-reference.com/players/m/murphtr01.html
2011,Jermaine O'Neal,7,https://www.basketball-reference.com/players/o/onealje01.html
2011,Shaquille O'Neal,36,https://www.basketball-reference.com/players/o/onealsh01.html
2011,Sasha Pavlović,77,https://www.basketball-reference.com/players/p/pavloal01.html
2011,Kendrick Perkins,43,https://www.basketball-reference.com/players/p/perkike01.html
2011,Paul Pierce,34,https://www.basketball-reference.com/players/p/piercpa01.html
2011,Nate Robinson,4,https://www.basketball-reference.com/players/r/robinna01.html
2011,Rajon Rondo,9,https://www.basketball-reference.com/players/r/rondora01.html
2011,Von Wafer,12,https://www.basketball-reference.com/players/w/wafervo01.html
2011,Delonte West,13,https://www.basketball-reference.com/players/w/westde01.html
2012,Ray Allen,20,https://www.basketball-reference.com/players/a/allenra02.html
2012,Brandon Bass,30,https://www.basketball-reference.com/players/b/bassbr01.html
2012,Avery Bradley,0,https://www.basketball-reference.com/players/b/bradlav01.html
2012,Marquis Daniels,4,https://www.basketball-reference.com/players/d/daniema01.html
2012,Keyon Dooling,51,https://www.basketball-reference.com/players/d/doolike01.html
2012,Kevin Garnett,5,https://www.basketball-reference.com/players/g/garneke01.html
2012,Ryan Hollins,50,https://www.basketball-reference.com/players/h/holliry01.html
2012,JaJuan Johnson,12,https://www.basketball-reference.com/players/j/johnsja02.html
2012,E'Twaun Moore,55,https://www.basketball-reference.com/players/m/mooreet01.html
2012,Jermaine O'Neal,7,https://www.basketball-reference.com/players/o/onealje01.html
2012,Sasha Pavlović,11,https://www.basketball-reference.com/players/p/pavloal01.html
2012,Paul Pierce,34,https://www.basketball-reference.com/players/p/piercpa01.html
2012,Mickaël Piétrus,28,https://www.basketball-reference.com/players/p/pietrmi01.html
2012,Rajon Rondo,9,https://www.basketball-reference.com/players/r/rondora01.html
2012,Greg Stiemsma,54,https://www.basketball-reference.com/players/s/stiemgr01.html
2012,Chris Wilcox,44,https://www.basketball-reference.com/players/w/wilcoch01.html
2012,Sean Williams,56,https://www.basketball-reference.com/players/w/willise01.html
2013,Leandro Barbosa,12,https://www.basketball-reference.com/players/b/barbole01.html
2013,Brandon Bass,30,https://www.basketball-reference.com/players/b/bassbr01.html
2013,Avery Bradley,0,https://www.basketball-reference.com/players/b/bradlav01.html
2013,Jason Collins,98,https://www.basketball-reference.com/players/c/collija04.html
2013,Jordan Crawford,27,https://www.basketball-reference.com/players/c/crawfjo02.html
2013,Kevin Garnett,5,https://www.basketball-reference.com/players/g/garneke01.html
2013,Jeff Green,8,https://www.basketball-reference.com/players/g/greenje02.html
2013,Kris Joseph,43,https://www.basketball-reference.com/players/j/josepkr01.html
2013,Courtney Lee,11,https://www.basketball-reference.com/players/l/leeco01.html
2013,Fab Melo,13,https://www.basketball-reference.com/players/m/melofa01.html
2013,Darko Miličić,99,https://www.basketball-reference.com/players/m/milicda01.html
2013,Paul Pierce,34,https://www.basketball-reference.com/players/p/piercpa01.html
2013,Shavlik Randolph,42,https://www.basketball-reference.com/players/r/randosh01.html
2013,Rajon Rondo,9,https://www.basketball-reference.com/players/r/rondora01.html
2013,Jared Sullinger,7,https://www.basketball-reference.com/players/s/sullija01.html
2013,Jason Terry,4,https://www.basketball-reference.com/players/t/terryja01.html
2013,Jarvis Varnado,41,https://www.basketball-reference.com/players/v/varnaja01.html
2013,D.J. White,12,https://www.basketball-reference.com/players/w/whitedj01.html
2013,Chris Wilcox,44,https://www.basketball-reference.com/players/w/wilcoch01.html
2013,Terrence Williams,55,https://www.basketball-reference.com/players/w/willite01.html
2014,Joel Anthony,50,https://www.basketball-reference.com/players/a/anthojo01.html
2014,Chris Babb,52,https://www.basketball-reference.com/players/b/babbch01.html
2014,Brandon Bass,30,https://www.basketball-reference.com/players/b/bassbr01.html
2014,Jerryd Bayless,11,https://www.basketball-reference.com/players/b/bayleje01.html
2014,Vander Blue,13,https://www.basketball-reference.com/players/b/blueva01.html
2014,Keith Bogans,4,https://www.basketball-reference.com/players/b/boganke01.html
2014,Avery Bradley,0,https://www.basketball-reference.com/players/b/bradlav01.html
2014,MarShon Brooks,12,https://www.basketball-reference.com/players/b/brookma01.html
2014,Jordan Crawford,27,https://www.basketball-reference.com/players/c/crawfjo02.html
2014,Vítor Luiz Faverani,38,https://www.basketball-reference.com/players/f/favervi01.html
2014,Jeff Green,8,https://www.basketball-reference.com/players/g/greenje02.html
2014,Kris Humphries,43,https://www.basketball-reference.com/players/h/humphkr01.html
2014,Chris Johnson,12,https://www.basketball-reference.com/players/j/johnsch04.html
2014,Courtney Lee,11,https://www.basketball-reference.com/players/l/leeco01.html
2014,Kelly Olynyk,41,https://www.basketball-reference.com/players/o/olynyke01.html
2014,Phil Pressey,26,https://www.basketball-reference.com/players/p/pressph01.html
2014,Rajon Rondo,9,https://www.basketball-reference.com/players/r/rondora01.html
2014,Jared Sullinger,7,https://www.basketball-reference.com/players/s/sullija01.html
2014,Gerald Wallace,45,https://www.basketball-reference.com/players/w/wallage01.html
2015,Brandon Bass,30,https://www.basketball-reference.com/players/b/bassbr01.html
2015,Avery Bradley,0,https://www.basketball-reference.com/players/b/bradlav01.html
2015,Jae Crowder,99,https://www.basketball-reference.com/players/c/crowdja01.html
2015,Gigi Datome,70,https://www.basketball-reference.com/players/d/datomlu01.html
2015,Jeff Green,8,https://www.basketball-reference.com/players/g/greenje02.html
2015,Jonas Jerebko,8,https://www.basketball-reference.com/players/j/jerebjo01.html
2015,Jameer Nelson,28,https://www.basketball-reference.com/players/n/nelsoja01.html
2015,Kelly Olynyk,41,https://www.basketball-reference.com/players/o/olynyke01.html
2015,Dwight Powell,12,https://www.basketball-reference.com/players/p/poweldw01.html
2015,Phil Pressey,26,https://www.basketball-reference.com/players/p/pressph01.html
2015,Tayshaun Prince,12,https://www.basketball-reference.com/players/p/princta01.html
2015,Shavlik Randolph,42,https://www.basketball-reference.com/players/r/randosh01.html
2015,Rajon Rondo,9,https://www.basketball-reference.com/players/r/rondora01.html
2015,Marcus Smart,36,https://www.basketball-reference.com/players/s/smartma01.html
2015,Jared Sullinger,7,https://www.basketball-reference.com/players/s/sullija01.html
2015,Isaiah Thomas,4,https://www.basketball-reference.com/players/t/thomais02.html
2015,Marcus Thornton,4,https://www.basketball-reference.com/players/t/thornma01.html
2015,Evan Turner,11,https://www.basketball-reference.com/players/t/turneev01.html
2015,Gerald Wallace,45,https://www.basketball-reference.com/players/w/wallage01.html
2015,Brandan Wright,12,https://www.basketball-reference.com/players/w/wrighbr03.html
2015,James Young,13,https://www.basketball-reference.com/players/y/youngja01.html
2015,Tyler Zeller,44,https://www.basketball-reference.com/players/z/zellety01.html
2016,Avery Bradley,0,https://www.basketball-reference.com/players/b/bradlav01.html
2016,Coty Clarke,63,https://www.basketball-reference.com/players/c/clarkco01.html
2016,Jae Crowder,99,https://www.basketball-reference.com/players/c/crowdja01.html
2016,John Holland,30,https://www.basketball-reference.com/players/h/hollajo02.html
2016,R.J. Hunter,28,https://www.basketball-reference.com/players/h/hunterj01.html
2016,Jonas Jerebko,8,https://www.basketball-reference.com/players/j/jerebjo01.html
2016,Amir Johnson,90,https://www.basketball-reference.com/players/j/johnsam01.html
2016,David Lee,42,https://www.basketball-reference.com/players/l/leeda02.html
2016,Jordan Mickey,55,https://www.basketball-reference.com/players/m/mickejo01.html
2016,Kelly Olynyk,41,https://www.basketball-reference.com/players/o/olynyke01.html
2016,Terry Rozier,12,https://www.basketball-reference.com/players/r/roziete01.html
2016,Marcus Smart,36,https://www.basketball-reference.com/players/s/smartma01.html
2016,Jared Sullinger,7,https://www.basketball-reference.com/players/s/sullija01.html
2016,Isaiah Thomas,4,https://www.basketball-reference.com/players/t/thomais02.html
2016,Evan Turner,11,https://www.basketball-reference.com/players/t/turneev01.html
2016,James Young,13,https://www.basketball-reference.com/players/y/youngja01.html
2016,Tyler Zeller,44,https://www.basketball-reference.com/players/z/zellety01.html
2017,Avery Bradley,0,https://www.basketball-reference.com/players/b/bradlav01.html
2017,Jaylen Brown,7,https://www.basketball-reference.com/players/b/brownja02.html
2017,Jae Crowder,99,https://www.basketball-reference.com/players/c/crowdja01.html
2017,Gerald Green,30,https://www.basketball-reference.com/players/g/greenge01.html
2017,Al Horford,42,https://www.basketball-reference.com/players/h/horfoal01.html
2017,Demetrius Jackson,9,https://www.basketball-reference.com/players/j/jacksde01.html
2017,Jonas Jerebko,8,https://www.basketball-reference.com/players/j/jerebjo01.html
2017,Amir Johnson,90,https://www.basketball-reference.com/players/j/johnsam01.html
2017,Jordan Mickey,55,https://www.basketball-reference.com/players/m/mickejo01.html
2017,Kelly Olynyk,41,https://www.basketball-reference.com/players/o/olynyke01.html
2017,Terry Rozier,12,https://www.basketball-reference.com/players/r/roziete01.html
2017,Marcus Smart,36,https://www.basketball-reference.com/players/s/smartma01.html
2017,Isaiah Thomas,4,https://www.basketball-reference.com/players/t/thomais02.html
2017,James Young,13,https://www.basketball-reference.com/players/y/youngja01.html
2017,Tyler Zeller,44,https://www.basketball-reference.com/players/z/zellety01.html
2018,Kadeem Allen,45,https://www.basketball-reference.com/players/a/allenka01.html
2018,Aron Baynes,46,https://www.basketball-reference.com/players/b/baynear01.html
2018,Jabari Bird,26,https://www.basketball-reference.com/players/b/birdja01.html
2018,Jaylen Brown,7,https://www.basketball-reference.com/players/b/brownja02.html
2018,Jarell Eddie,9,https://www.basketball-reference.com/players/e/eddieja01.html
2018,Jonathan Gibson,60,https://www.basketball-reference.com/players/g/gibsojo01.html
2018,Gordon Hayward,20,https://www.basketball-reference.com/players/h/haywago01.html
2018,Al Horford,42,https://www.basketball-reference.com/players/h/horfoal01.html
2018,Kyrie Irving,11,https://www.basketball-reference.com/players/i/irvinky01.html
2018,Shane Larkin,8,https://www.basketball-reference.com/players/l/larkish01.html
2018,Greg Monroe,55,https://www.basketball-reference.com/players/m/monrogr01.html
2018,Marcus Morris,13,https://www.basketball-reference.com/players/m/morrima03.html
2018,Abdel Nader,28,https://www.basketball-reference.com/players/n/naderab01.html
2018,Semi Ojeleye,37,https://www.basketball-reference.com/players/o/ojelese01.html
2018,Terry Rozier,12,https://www.basketball-reference.com/players/r/roziete01.html
2018,Xavier Silas,9,https://www.basketball-reference.com/players/s/silasxa01.html
2018,Marcus Smart,36,https://www.basketball-reference.com/players/s/smartma01.html
2018,Jayson Tatum,0,https://www.basketball-reference.com/players/t/tatumja01.html
2018,Daniel Theis,27,https://www.basketball-reference.com/players/t/theisda01.html
2018,Guerschon Yabusele,30,https://www.basketball-reference.com/players/y/yabusgu01.html
2019,Aron Baynes,46,https://www.basketball-reference.com/players/b/baynear01.html
2019,Jaylen Brown,7,https://www.basketball-reference.com/players/b/brownja02.html
2019,PJ Dozier,50,https://www.basketball-reference.com/players/d/doziepj01.html
2019,Gordon Hayward,20,https://www.basketball-reference.com/players/h/haywago01.html
2019,Al Horford,42,https://www.basketball-reference.com/players/h/horfoal01.html
2019,R.J. Hunter,28,https://www.basketball-reference.com/players/h/hunterj01.html
2019,Kyrie Irving,11,https://www.basketball-reference.com/players/i/irvinky01.html
2019,Greg Monroe,55,https://www.basketball-reference.com/players/m/monrogr01.html
2019,Marcus Morris,13,https://www.basketball-reference.com/players/m/morrima03.html
2019,Semi Ojeleye,37,https://www.basketball-reference.com/players/o/ojelese01.html
2019,Terry Rozier,12,https://www.basketball-reference.com/players/r/roziete01.html
2019,Marcus Smart,36,https://www.basketball-reference.com/players/s/smartma01.html
2019,Jayson Tatum,0,https://www.basketball-reference.com/players/t/tatumja01.html
2019,Daniel Theis,27,https://www.basketball-reference.com/players/t/theisda01.html
2019,Brad Wanamaker,9,https://www.basketball-reference.com/players/w/wanambr01.html
2019,Robert Williams,44,https://www.basketball-reference.com/players/w/williro04.html
2019,Guerschon Yabusele,30,https://www.basketball-reference.com/players/y/yabusgu01.html
2020,Jaylen Brown,7,https://www.basketball-reference.com/players/b/brownja02.html
2020,Carsen Edwards,4,https://www.basketball-reference.com/players/e/edwarca01.html
2020,Tacko Fall,99,https://www.basketball-reference.com/players/f/fallta01.html
2020,Enes Freedom,11,https://www.basketball-reference.com/players/k/kanteen01.html
2020,Javonte Green,43,https://www.basketball-reference.com/players/g/greenja02.html
2020,Gordon Hayward,20,https://www.basketball-reference.com/players/h/haywago01.html
2020,Romeo Langford,45,https://www.basketball-reference.com/players/l/langfro01.html
2020,Semi Ojeleye,37,https://www.basketball-reference.com/players/o/ojelese01.html
2020,Vincent Poirier,77,https://www.basketball-reference.com/players/p/poirivi01.html
2020,Marcus Smart,36,https://www.basketball-reference.com/players/s/smartma01.html
2020,Jayson Tatum,0,https://www.basketball-reference.com/players/t/tatumja01.html
2020,Daniel Theis,27,https://www.basketball-reference.com/players/t/theisda01.html
2020,Kemba Walker,8,https://www.basketball-reference.com/players/w/walkeke02.html
2020,Brad Wanamaker,9,https://www.basketball-reference.com/players/w/wanambr01.html
2020,Tremont Waters,51,https://www.basketball-reference.com/players/w/watertr01.html
2020,Grant Williams,12,https://www.basketball-reference.com/players/w/willigr01.html
2020,Robert Williams,44,https://www.basketball-reference.com/players/w/williro04.html
2021,Jaylen Brown,7,https://www.basketball-reference.com/players/b/brownja02.html
2021,Carsen Edwards,4,https://www.basketball-reference.com/players/e/edwarca01.html
2021,Tacko Fall,99,https://www.basketball-reference.com/players/f/fallta01.html
2021,Evan Fournier,94,https://www.basketball-reference.com/players/f/fournev01.html
2021,Javonte Green,43,https://www.basketball-reference.com/players/g/greenja02.html
2021,Luke Kornet,40,https://www.basketball-reference.com/players/k/kornelu01.html
2021,Romeo Langford,45,https://www.basketball-reference.com/players/l/langfro01.html
2021,Aaron Nesmith,26,https://www.basketball-reference.com/players/n/nesmiaa01.html
2021,Semi Ojeleye,37,https://www.basketball-reference.com/players/o/ojelese01.html
2021,Jabari Parker,20,https://www.basketball-reference.com/players/p/parkeja01.html
2021,Payton Pritchard,11,https://www.basketball-reference.com/players/p/pritcpa01.html
2021,Marcus Smart,36,https://www.basketball-reference.com/players/s/smartma01.html
2021,Jayson Tatum,0,https://www.basketball-reference.com/players/t/tatumja01.html
2021,Jeff Teague,55,https://www.basketball-reference.com/players/t/teaguje01.html
2021,Daniel Theis,27,https://www.basketball-reference.com/players/t/theisda01.html
2021,Tristan Thompson,13,https://www.basketball-reference.com/players/t/thomptr01.html
2021,Moritz Wagner,20,https://www.basketball-reference.com/players/w/wagnemo01.html
2021,Kemba Walker,8,https://www.basketball-reference.com/players/w/walkeke02.html
2021,Tremont Waters,51,https://www.basketball-reference.com/players/w/watertr01.html
2021,Grant Williams,12,https://www.basketball-reference.com/players/w/willigr01.html
2021,Robert Williams,44,https://www.basketball-reference.com/players/w/williro04.html
2022,Jaylen Brown,7,https://www.basketball-reference.com/players/b/brownja02.html
2022,Bruno Fernando,28,https://www.basketball-reference.com/players/f/fernabr01.html
2022,Malik Fitts,8,https://www.basketball-reference.com/players/f/fittsma01.html
2022,Enes Freedom,13,https://www.basketball-reference.com/players/k/kanteen01.html
2022,Sam Hauser,30,https://www.basketball-reference.com/players/h/hausesa01.html
2022,Juancho Hernangómez,41,https://www.basketball-reference.com/players/h/hernaju01.html
2022,Al Horford,42,https://www.basketball-reference.com/players/h/horfoal01.html
2022,Justin Jackson,43,https://www.basketball-reference.com/players/j/jacksju01.html
2022,Joe Johnson,55,https://www.basketball-reference.com/players/j/johnsjo02.html
2022,Luke Kornet,40,https://www.basketball-reference.com/players/k/kornelu01.html
2022,Romeo Langford,9,https://www.basketball-reference.com/players/l/langfro01.html
2022,Kelan Martin,4,https://www.basketball-reference.com/players/m/martike03.html
2022,C.J. Miles,50,https://www.basketball-reference.com/players/m/milescj01.html
2022,Juwan Morgan,4,https://www.basketball-reference.com/players/m/morgaju01.html
2022,Aaron Nesmith,26,https://www.basketball-reference.com/players/n/nesmiaa01.html
2022,Jabari Parker,20,https://www.basketball-reference.com/players/p/parkeja01.html
2022,Payton Pritchard,11,https://www.basketball-reference.com/players/p/pritcpa01.html
2022,Josh Richardson,8,https://www.basketball-reference.com/players/r/richajo01.html
2022,Matt Ryan,37,https://www.basketball-reference.com/players/r/ryanma01.html
2022,Dennis Schröder,71,https://www.basketball-reference.com/players/s/schrode01.html
2022,Marcus Smart,36,https://www.basketball-reference.com/players/s/smartma01.html
2022,Nik Stauskas,13,https://www.basketball-reference.com/players/s/stausni01.html
2022,Jayson Tatum,0,https://www.basketball-reference.com/players/t/tatumja01.html
2022,Daniel Theis,27,https://www.basketball-reference.com/players/t/theisda01.html
2022,Brodric Thomas,97,https://www.basketball-reference.com/players/t/thomabr01.html
2022,Derrick White,9,https://www.basketball-reference.com/players/w/whitede01.html
2022,Grant Williams,12,https://www.basketball-reference.com/players/w/willigr01.html
2022,Robert Williams,44,https://www.basketball-reference.com/players/w/williro04.html
2023,Malcolm Brogdon,13,https://www.basketball-reference.com/players/b/brogdma01.html
2023,Jaylen Brown,7,https://www.basketball-reference.com/players/b/brownja02.html
2023,Justin Champagnie,99,https://www.basketball-reference.com/players/c/champju01.html
2023,JD Davison,20,https://www.basketball-reference.com/players/d/davisjd01.html
2023,Blake Griffin,91,https://www.basketball-reference.com/players/g/griffbl01.html
2023,Sam Hauser,30,https://www.basketball-reference.com/players/h/hausesa01.html
2023,Al Horford,42,https://www.basketball-reference.com/players/h/horfoal01.html
2023,Justin Jackson,43,https://www.basketball-reference.com/players/j/jacksju01.html
2023,Mfiondu Kabengele,28,https://www.basketball-reference.com/players/k/kabenmf01.html
2023,Luke Kornet,40,https://www.basketball-reference.com/players/k/kornelu01.html
2023,Mike Muscala,57,https://www.basketball-reference.com/players/m/muscami01.html
2023,Payton Pritchard,11,https://www.basketball-reference.com/players/p/pritcpa01.html
2023,Marcus Smart,36,https://www.basketball-reference.com/players/s/smartma01.html
2023,Jayson Tatum,0,https://www.basketball-reference.com/players/t/tatumja01.html
2023,Noah Vonleh,4,https://www.basketball-reference.com/players/v/vonleno01.html
2023,Derrick White,9,https://www.basketball-reference.com/players/w/whitede01.html
2023,Grant Williams,12,https://www.basketball-reference.com/players/w/willigr01.html
2023,Robert Williams,44,https://www.basketball-reference.com/players/w/williro04.html
2024,Dalano Banton,45,https://www.basketball-reference.com/players/b/bantoda01.html
2024,Oshae Brissett,12,https://www.basketball-reference.com/players/b/brissos01.html
2024,Jaylen Brown,7,https://www.basketball-reference.com/players/b/brownja02.html
2024,JD Davison,20,https://www.basketball-reference.com/players/d/davisjd01.html
2024,Sam Hauser,30,https://www.basketball-reference.com/players/h/hausesa01.html
2024,Jrue Holiday,4,https://www.basketball-reference.com/players/h/holidjr01.html
2024,Al Horford,42,https://www.basketball-reference.com/players/h/horfoal01.html
2024,Luke Kornet,40,https://www.basketball-reference.com/players/k/kornelu01.html
2024,Svi Mykhailiuk,50,https://www.basketball-reference.com/players/m/mykhasv01.html
2024,Drew Peterson,13,https://www.basketball-reference.com/players/p/peterdr01.html
2024,Kristaps Porziņģis,8,https://www.basketball-reference.com/players/p/porzikr01.html
2024,Payton Pritchard,11,https://www.basketball-reference.com/players/p/pritcpa01.html
2024,Neemias Queta,88,https://www.basketball-reference.com/players/q/quetane01.html
2024,Jaden Springer,44,https://www.basketball-reference.com/players/s/sprinja01.html
2024,Lamar Stevens,77,https://www.basketball-reference.com/players/s/stevela01.html
2024,Jayson Tatum,0,https://www.basketball-reference.com/players/t/tatumja01.html
2024,Xavier Tillman Sr.,26,https://www.basketball-reference.com/players/t/tillmxa01.html
2024,Jordan Walsh,27,https://www.basketball-reference.com/players/w/walshjo01.html
2024,Derrick White,9,https://www.basketball-reference.com/players/w/whitede01.html
